dataset,strategy,alpha,n_seeds,A1_global_accuracy_mean,A1_global_accuracy_std,A2_rounds_to_target_mean,A2_rounds_to_target_std,B1_accuracy_variance_mean,B1_accuracy_variance_std,B2_gini_coefficient_mean,B2_gini_coefficient_std,B3_participation_fairness_mean,B3_participation_fairness_std,target_reached_rate
cifar10,fairness,0.1,3,58.09666666666667,4.167905149272633,,,0.22251266666666666,0.053491903474575796,0.23715566666666665,0.10607266721136664,3.1740593333333336,0.43361269784720724,0.0
cifar10,performance,0.1,3,55.083333333333336,5.349479725481097,,,0.23795999999999998,0.046867784372637035,0.24301399999999998,0.08058877112228477,3.418708,0.607168899851598,0.0
cifar10,random,0.1,3,54.13333333333333,5.857476703609954,,,0.230043,0.03999776332496607,0.239604,0.07811996121990845,2.306910333333333,0.13132988479524882,0.0
cifar10,fairness,0.5,3,70.63000000000001,1.1333137253205812,14.0,1.7320508075688772,0.12473433333333332,0.018069617769430908,0.08513066666666667,0.01041709654046334,2.7653916666666665,0.17003946923092123,1.0
cifar10,performance,0.5,3,69.21333333333332,1.0171201174558153,15.5,2.1213203435596424,0.10488066666666666,0.00906424212680428,0.07202033333333334,0.006545241808621999,3.55316,0.6021463989604188,0.6666666666666666
cifar10,random,0.5,3,69.24666666666667,4.966853464048778,14.0,3.605551275463989,0.094001,0.029286678046511187,0.07022033333333333,0.027732053590265062,1.9120506666666666,0.5622216011150171,1.0
cifar10,fairness,1.0,3,71.75999999999999,0.8585452812752508,13.333333333333334,0.5773502691896257,0.05366966666666667,0.007319062804303112,0.03570566666666667,0.006862460078815274,1.2971296666666667,0.41974042360169855,1.0
cifar10,performance,1.0,3,72.26333333333332,1.0600628912160532,12.0,1.7320508075688772,0.057424,0.011604554321472237,0.03860633333333333,0.007011188296810558,2.788978333333333,0.48207812697563174,1.0
cifar10,random,1.0,3,72.59666666666668,0.5460158727851525,12.333333333333334,0.5773502691896257,0.044727666666666666,0.004818727459955931,0.030855333333333335,0.0035604495970780635,1.9120506666666666,0.5622216011150171,1.0
mnist,fairness,0.1,3,97.96333333333332,0.4266536456346422,3.0,1.0,0.018624666666666668,0.0010134541594632365,0.009908,0.0004850639133145235,2.2865926666666665,0.5976953070171569,1.0
mnist,performance,0.1,3,96.94666666666666,1.03423079306958,3.3333333333333335,0.5773502691896258,0.03402,0.01074735562824642,0.018928333333333335,0.006673424707999135,2.8227543333333336,0.7403290370546959,1.0
mnist,random,0.1,3,98.28666666666668,0.8310435207215896,4.0,0.0,0.013635333333333333,0.006705848815275612,0.00767,0.0038329405161050957,1.9120506666666666,0.5622216011150171,1.0
mnist,fairness,0.5,3,99.21,0.02645751311064333,1.0,0.0,0.002209333333333333,0.00031907418155239907,0.0012173333333333333,0.00016895364255716222,2.478574666666667,0.29155196936452576,1.0
mnist,performance,0.5,3,99.12333333333333,0.0550757054728677,1.0,0.0,0.0021216666666666667,0.0003319191668664727,0.0011506666666666664,0.00013838472940802874,2.4323163333333335,0.5707506590502838,1.0
mnist,random,0.5,3,99.14333333333333,0.047258156262526205,1.0,0.0,0.0024786666666666668,0.0005870317992522495,0.0013773333333333335,0.0003087949697345041,1.9120506666666666,0.5622216011150171,1.0
mnist,fairness,1.0,3,99.20333333333332,0.011547005383790217,1.0,0.0,0.0018330000000000002,0.0007765893380674243,0.0009243333333333334,0.0003081466101279282,2.4408906666666668,0.5129116282951025,1.0
mnist,performance,1.0,3,99.23333333333333,0.030550504633039054,1.0,0.0,0.001518,0.0001725659294298849,0.0008113333333333333,0.00012504532511586886,1.7714336666666666,0.43935606506606156,1.0
mnist,random,1.0,3,99.2,0.030000000000001137,1.0,0.0,0.0014403333333333334,0.00021594520910020977,0.0008043333333333332,0.00012965081308396537,1.8822303333333332,0.5346142249139405,1.0
