Dataset,Strategy,Alpha,A1 (mean±std),A2 (mean),B1 (mean±std),B2 (mean±std),B3 (mean±std)
MNIST,Random (FedAvg),0.1,98.29±0.83,4.0,0.0136±0.0067,0.0077±0.0038,1.912±0.562
MNIST,Random (FedAvg),0.5,99.14±0.05,1.0,0.0025±0.0006,0.0014±0.0003,1.912±0.562
MNIST,Random (FedAvg),1.0,99.20±0.03,1.0,0.0014±0.0002,0.0008±0.0001,1.882±0.535
MNIST,Performance-Based,0.1,96.95±1.03,3.3,0.0340±0.0107,0.0189±0.0067,2.823±0.740
MNIST,Performance-Based,0.5,99.12±0.06,1.0,0.0021±0.0003,0.0012±0.0001,2.432±0.571
MNIST,Performance-Based,1.0,99.23±0.03,1.0,0.0015±0.0002,0.0008±0.0001,1.771±0.439
MNIST,Fairness-Aware,0.1,97.96±0.43,3.0,0.0186±0.0010,0.0099±0.0005,2.287±0.598
MNIST,Fairness-Aware,0.5,99.21±0.03,1.0,0.0022±0.0003,0.0012±0.0002,2.479±0.292
MNIST,Fairness-Aware,1.0,99.20±0.01,1.0,0.0018±0.0008,0.0009±0.0003,2.441±0.513
CIFAR10,Random (FedAvg),0.1,54.13±5.86,nan,0.2300±0.0400,0.2396±0.0781,2.307±0.131
CIFAR10,Random (FedAvg),0.5,69.25±4.97,14.0,0.0940±0.0293,0.0702±0.0277,1.912±0.562
CIFAR10,Random (FedAvg),1.0,72.60±0.55,12.3,0.0447±0.0048,0.0309±0.0036,1.912±0.562
CIFAR10,Performance-Based,0.1,55.08±5.35,nan,0.2380±0.0469,0.2430±0.0806,3.419±0.607
CIFAR10,Performance-Based,0.5,69.21±1.02,15.5,0.1049±0.0091,0.0720±0.0065,3.553±0.602
CIFAR10,Performance-Based,1.0,72.26±1.06,12.0,0.0574±0.0116,0.0386±0.0070,2.789±0.482
CIFAR10,Fairness-Aware,0.1,58.10±4.17,nan,0.2225±0.0535,0.2372±0.1061,3.174±0.434
CIFAR10,Fairness-Aware,0.5,70.63±1.13,14.0,0.1247±0.0181,0.0851±0.0104,2.765±0.170
CIFAR10,Fairness-Aware,1.0,71.76±0.86,13.3,0.0537±0.0073,0.0357±0.0069,1.297±0.420
